Produto,Localização,Preço,Data de Atualização
Arroz em Casca Irrigado Sc 60Kg,,Preço não extraível diretamente,
Arroz em Casca Irrigado Sc 60Kg,,Preço não extraível diretamente,
Arroz em Casca Longo Fino Sc 60Kg,,Preço não extraível diretamente,
Arroz em Casca Longo Fino Sc 60Kg,,Preço não extraível diretamente,
Arroz em Casca Longo Fino Sc 60Kg,,Preço não extraível diretamente,
Arroz em Casca Longo Fino Sc 60Kg,,Preço não extraível diretamente,
Arroz em Casca Longo Fino Sc 60Kg,,Preço não extraível diretamente,
Arroz em Casca Longo Fino Sc 60Kg,,Preço não extraível diretamente,
Arroz em Casca Longo Fino Sc 60Kg,,Preço não extraível diretamente,
Arroz em Casca Longo Fino Sc 60Kg,,Preço não extraível diretamente,
Arroz em Casca Longo Fino Sc 60Kg,,Preço não extraível diretamente,
Arroz em Casca Longo Fino Sc 60Kg,,Preço não extraível diretamente,
Arroz em Casca Longo Fino Sc 60Kg,,Preço não extraível diretamente,
Arroz em Casca Sc 60Kg,,Preço não extraível diretamente,
Arroz em Casca Sc 60Kg,,Preço não extraível diretamente,
Arroz em Casca Sc 60Kg,,Preço não extraível diretamente,
Arroz em Casca Sc 60Kg,,Preço não extraível diretamente,
Arroz Irrigado em Casca Sc 50Kg,,Preço não extraível diretamente,
Arroz Irrigado em Casca Sc 50Kg,,Preço não extraível diretamente,
Arroz Irrigado em Casca Sc 50Kg,,Preço não extraível diretamente,
Arroz Irrigado em Casca Sc 50Kg,,Preço não extraível diretamente,
Arroz Irrigado em Casca Sc 50Kg,,Preço não extraível diretamente,
Arroz Irrigado em Casca Sc 50Kg,,Preço não extraível diretamente,
Arroz Irrigado em Casca Sc 50Kg,,Preço não extraível diretamente,
Arroz Irrigado em Casca Sc 50Kg,,Preço não extraível diretamente,
Arroz Irrigado em Casca Sc 50Kg,,Preço não extraível diretamente,
Arroz Irrigado em Casca Sc 50Kg,,Preço não extraível diretamente,
Arroz Irrigado em Casca Sc 50Kg,,Preço não extraível diretamente,
Arroz Irrigado em Casca Sc 50Kg,,Preço não extraível diretamente,
Arroz Irrigado em Casca Sc 50Kg,,Preço não extraível diretamente,
